input,status,podcast_id,selected_title,selected_url,from_cache
人间钱话,not_found,,,,False
深度求真,not_found,,,,False
德邦基金财经列车,not_found,,,,False
茶水间经济学,not_found,,,,False
随基漫步,not_found,,,,False
莫问钱程,not_found,,,,False
泰客Talk,not_found,,,,False
时间嘉讲,not_found,,,,False
财话连篇,not_found,,,,False
养基方程式,not_found,,,,False
好朋友的播客,not_found,,,,False
钱途规划局,not_found,,,,False
好朋友的直播间,not_found,,,,False
投资心法·基金访谈录,not_found,,,,False
投资心得·基金聊天局,not_found,,,,False
与财同行,not_found,,,,False
鹏然心动,not_found,,,,False
基金经理一周论市,not_found,,,,False
